"Record ID","Catalogue Number","Taxon Concept GUID","Scientific Name - original","Vernacular name - original","Scientific Name","Taxon Rank","Vernacular name","Kingdom","Phylum","Class","Order","Family","Genus","Species","Subspecies","Data Resource ID","Data Resource Name","Institution ID","Institution","Collection ID","Collection","Licence","Institution Code","Collection Code","Locality","Latitude - original","Longitude - original","Geodetic datum - original","Latitude","Longitude","Coordinate Precision","Coordinate Uncertainty in Metres","Country - parsed","State - parsed","Local Government Areas 2011","IMCRA 4 Regions","IBRA 7 Regions","Minimum elevation in meters","Maximum elevation in meters","Minimum depth in meters","Maximum depth in meters","Individual count","Collector","Year","Month","Day","Event Date - parsed","Verbatim event date","Basis Of Record - original","Basis Of Record","Occurrence status","Sex","Preparations","Outlier for layer","Taxonomic Quality","Location Quality"
"963b211e-6a83-41d1-bac6-415b9f1c6006","OPM739166-1","urn:lsid:biodiversity.org.au:afd.taxon:e9289876-b550-4278-a4db-336bd5f75e6a","Tachyglossus aculeatus multiaculeatus","Kangaroo Island Echidna","Tachyglossus aculeatus multiaculeatus","subspecies","","Animalia","Chordata","Mammalia","Monotremata","Tachyglossidae","Tachyglossus","Tachyglossus aculeatus","Tachyglossus aculeatus multiaculeatus","dr365","SA Fauna (BDBSA)","","","","","CC-BY 4.0 (Int)","","","","-35.90775","136.90703","WGS84","-35.90775","136.90703","","5.0","Australia","South Australia","Kangaroo Island (DC)","","Kanmantoo","","","","","1","HAMMOND P. Peter | FRIENDS OF PARKS KI WESTERN DISTRIC","2017","03","10","2017-03-10","10/MAR/17,D","HumanObservation","HumanObservation","present","","","","true","true"
"7d0b76b9-71c6-41df-a8ac-4cf40b0d38d0","4925051","urn:lsid:biodiversity.org.au:afd.taxon:e9289876-b550-4278-a4db-336bd5f75e6a","Tachyglossus aculeatus multiaculeatus","","Tachyglossus aculeatus multiaculeatus","subspecies","","Animalia","Chordata","Mammalia","Monotremata","Tachyglossidae","Tachyglossus","Tachyglossus aculeatus","Tachyglossus aculeatus multiaculeatus","dr1411","iNaturalist Australia","","","","","CC-BY-NC-Int","iNaturalist","Observations","","-35.9987296738","137.0973129175","","-35.9987296738","137.0973129175","","19.0","Australia","South Australia","Kangaroo Island (DC)","","Kanmantoo","","","","","","c michael hogan","2009","03","26","2009-03-26","2009/03/26 10:42 PM PDT","HumanObservation","HumanObservation","present","","","","true","true"
"80f61807-c5c2-4db0-a047-7c98abd0b273","OPM431768-23","urn:lsid:biodiversity.org.au:afd.taxon:e9289876-b550-4278-a4db-336bd5f75e6a","Tachyglossus aculeatus multiaculeatus","Kangaroo Island Echidna","Tachyglossus aculeatus multiaculeatus","subspecies","","Animalia","Chordata","Mammalia","Monotremata","Tachyglossidae","Tachyglossus","Tachyglossus aculeatus","Tachyglossus aculeatus multiaculeatus","dr365","SA Fauna (BDBSA)","","","","","CC-BY 4.0 (Int)","","","Parndana (CP)","-35.75544","137.30886","WGS84","-35.75544","137.30886","","50.0","Australia","South Australia","Kangaroo Island (DC)","","Kanmantoo","","","","","1","BELLCHAMBERS K. Keith","2005","07","13","2005-07-13","13/JUL/05,D","HumanObservation","HumanObservation","present","","","","true","true"
"57e85594-f39f-4592-8145-9783d5ddcbce","OPM739437-1","urn:lsid:biodiversity.org.au:afd.taxon:e9289876-b550-4278-a4db-336bd5f75e6a","Tachyglossus aculeatus multiaculeatus","Kangaroo Island Echidna","Tachyglossus aculeatus multiaculeatus","subspecies","","Animalia","Chordata","Mammalia","Monotremata","Tachyglossidae","Tachyglossus","Tachyglossus aculeatus","Tachyglossus aculeatus multiaculeatus","dr365","SA Fauna (BDBSA)","","","","","CC-BY 4.0 (Int)","","","Flinders Chase (NP)","-35.91029","136.80852","WGS84","-35.91029","136.80852","","5.0","Australia","South Australia","Kangaroo Island (DC)","","Kanmantoo","","","","","1","HAMMOND P. Peter | FRIENDS OF PARKS KI WESTERN DISTRIC","2017","07","22","2017-07-22","22/JUL/17,D","HumanObservation","HumanObservation","present","","","","true","true"
"cdd77846-f8a1-459e-9b69-34e40b6d0633","OPM739523-2","urn:lsid:biodiversity.org.au:afd.taxon:e9289876-b550-4278-a4db-336bd5f75e6a","Tachyglossus aculeatus multiaculeatus","Kangaroo Island Echidna","Tachyglossus aculeatus multiaculeatus","subspecies","","Animalia","Chordata","Mammalia","Monotremata","Tachyglossidae","Tachyglossus","Tachyglossus aculeatus","Tachyglossus aculeatus multiaculeatus","dr365","SA Fauna (BDBSA)","","","","","CC-BY 4.0 (Int)","","","Ravine des Casoars (WA)","-35.87922","136.83185","WGS84","-35.87922","136.83185","","5.0","Australia","South Australia","Kangaroo Island (DC)","","Kanmantoo","","","","","1","HAMMOND P. Peter | FRIENDS OF PARKS KI WESTERN DISTRIC","2017","08","22","2017-08-22","22/AUG/17,D","HumanObservation","HumanObservation","present","","","","true","true"
"8d4f3c29-5b55-4c54-be81-f912fd799076","OPM859585-1","urn:lsid:biodiversity.org.au:afd.taxon:e9289876-b550-4278-a4db-336bd5f75e6a","Tachyglossus aculeatus multiaculeatus","Kangaroo Island Echidna","Tachyglossus aculeatus multiaculeatus","subspecies","","Animalia","Chordata","Mammalia","Monotremata","Tachyglossidae","Tachyglossus","Tachyglossus aculeatus","Tachyglossus aculeatus multiaculeatus","dr365","SA Fauna (BDBSA)","","","","","CC-BY 4.0 (Int)","","","Kelly Hill (CP)","-35.97871","136.9076","WGS84","-35.97871","136.9076","","50.0","Australia","South Australia","Kangaroo Island (DC)","","Kanmantoo","","","","","1","MOLSHER R. Robyn","2015","08","30","2015-08-30","30/AUG/15,D","HumanObservation","HumanObservation","present","","","","true","true"
"8a079de8-ef1d-4508-bb11-13c71a8deab7","OPM859584-1","urn:lsid:biodiversity.org.au:afd.taxon:e9289876-b550-4278-a4db-336bd5f75e6a","Tachyglossus aculeatus multiaculeatus","Kangaroo Island Echidna","Tachyglossus aculeatus multiaculeatus","subspecies","","Animalia","Chordata","Mammalia","Monotremata","Tachyglossidae","Tachyglossus","Tachyglossus aculeatus","Tachyglossus aculeatus multiaculeatus","dr365","SA Fauna (BDBSA)","","","","","CC-BY 4.0 (Int)","","","Kelly Hill (CP)","-35.97871","136.9076","WGS84","-35.97871","136.9076","","50.0","Australia","South Australia","Kangaroo Island (DC)","","Kanmantoo","","","","","1","MOLSHER R. Robyn","2015","08","26","2015-08-26","26/AUG/15,D","HumanObservation","HumanObservation","present","","","","true","true"
"e5379023-5172-4d43-8986-42e8da7f331a","C5636","urn:lsid:biodiversity.org.au:afd.taxon:e9289876-b550-4278-a4db-336bd5f75e6a","Tachyglossus aculeatus multiaculeatus","Short-beaked Echidna","Tachyglossus aculeatus multiaculeatus","subspecies","","Animalia","Chordata","Mammalia","Monotremata","Tachyglossidae","Tachyglossus","Tachyglossus aculeatus","Tachyglossus aculeatus multiaculeatus","dr342","Museums Victoria provider for OZCAM","in16","Museums Victoria","co118","Museums Victoria Mammalogy Collection","CC-BY","NMV","Mammalogy","Kangaroo Is","-35.75","137","WGS84","-35.75","137.0","","","Australia","South Australia","Kangaroo Island (DC)","","Kanmantoo","","","","","1","Unknown","","","","","","PreservedSpecimen","PreservedSpecimen","present","Unknown","specimenNature=Skin;specimenForm=Dry","","true","true"
"69897ef0-367c-4a44-9bd8-2b2e87404ea9","C5637","urn:lsid:biodiversity.org.au:afd.taxon:e9289876-b550-4278-a4db-336bd5f75e6a","Tachyglossus aculeatus multiaculeatus","Short-beaked Echidna","Tachyglossus aculeatus multiaculeatus","subspecies","","Animalia","Chordata","Mammalia","Monotremata","Tachyglossidae","Tachyglossus","Tachyglossus aculeatus","Tachyglossus aculeatus multiaculeatus","dr342","Museums Victoria provider for OZCAM","in16","Museums Victoria","co118","Museums Victoria Mammalogy Collection","CC-BY","NMV","Mammalogy","Kangaroo Is","-35.75","137","WGS84","-35.75","137.0","","","Australia","South Australia","Kangaroo Island (DC)","","Kanmantoo","","","","","1","Unknown","","","","","","PreservedSpecimen","PreservedSpecimen","present","Unknown","specimenNature=Skin;specimenForm=Dry","","true","true"
"f3c35c71-1a4c-42ec-b167-c1afc38d8705","OPM202941-1387411","urn:lsid:biodiversity.org.au:afd.taxon:e9289876-b550-4278-a4db-336bd5f75e6a","Tachyglossus aculeatus multiaculeatus","Kangaroo Island Echidna","Tachyglossus aculeatus multiaculeatus","subspecies","","Animalia","Chordata","Mammalia","Monotremata","Tachyglossidae","Tachyglossus","Tachyglossus aculeatus","Tachyglossus aculeatus multiaculeatus","dr365","SA Fauna (BDBSA)","","","","","CC-BY 4.0 (Int)","","","Flinders Chase (NP)","-35.95336","136.73743","WGS84","-35.95336","136.73743","","100.0","Australia","South Australia","Kangaroo Island (DC)","","Kanmantoo","","","","","","FRIEBE M. Marlene | FRIEBE T. Terry","1998","01","13","1998-01-13","13/JAN/98,D","HumanObservation","HumanObservation","present","","","","true","true"
"eae169c2-97c1-41c4-9666-c9acb06ea5fb","OPM202900-1390501","urn:lsid:biodiversity.org.au:afd.taxon:e9289876-b550-4278-a4db-336bd5f75e6a","Tachyglossus aculeatus multiaculeatus","Kangaroo Island Echidna","Tachyglossus aculeatus multiaculeatus","subspecies","","Animalia","Chordata","Mammalia","Monotremata","Tachyglossidae","Tachyglossus","Tachyglossus aculeatus","Tachyglossus aculeatus multiaculeatus","dr365","SA Fauna (BDBSA)","","","","","CC-BY 4.0 (Int)","","","Ravine des Casoars (WA)","-35.86524","136.70141","WGS84","-35.86524","136.70141","","10000.0","Australia","South Australia","Kangaroo Island (DC)","","Kanmantoo","","","","","","MAMMAL-CLUB-SA  N/A | REEVES P. N/A","1968","01","","1968-01-01","15/JAN/68,M","HumanObservation","HumanObservation","present","","","","true","true"
"dd1128d2-acec-4d28-86e5-e3ffee5ed028","OPM699173-6","urn:lsid:biodiversity.org.au:afd.taxon:e9289876-b550-4278-a4db-336bd5f75e6a","Tachyglossus aculeatus multiaculeatus","Kangaroo Island Echidna","Tachyglossus aculeatus multiaculeatus","subspecies","","Animalia","Chordata","Mammalia","Monotremata","Tachyglossidae","Tachyglossus","Tachyglossus aculeatus","Tachyglossus aculeatus multiaculeatus","dr365","SA Fauna (BDBSA)","","","","","CC-BY 4.0 (Int)","","","Flinders Chase (NP)","-35.9479","136.78122","WGS84","-35.9479","136.78122","","5.0","Australia","South Australia","Kangaroo Island (DC)","","Kanmantoo","","","","","1","HAMMOND P. Peter | FRIENDS OF PARKS KI WESTERN DISTRIC","2016","02","28","2016-02-28","28/FEB/16,D","HumanObservation","HumanObservation","present","","","","true","true"
"7621a546-20fa-43b8-961b-ccce35c2cbd4","OPM699099-1","urn:lsid:biodiversity.org.au:afd.taxon:e9289876-b550-4278-a4db-336bd5f75e6a","Tachyglossus aculeatus multiaculeatus","Kangaroo Island Echidna","Tachyglossus aculeatus multiaculeatus","subspecies","","Animalia","Chordata","Mammalia","Monotremata","Tachyglossidae","Tachyglossus","Tachyglossus aculeatus","Tachyglossus aculeatus multiaculeatus","dr365","SA Fauna (BDBSA)","","","","","CC-BY 4.0 (Int)","","","Flinders Chase (NP)","-35.9479","136.78122","WGS84","-35.9479","136.78122","","5.0","Australia","South Australia","Kangaroo Island (DC)","","Kanmantoo","","","","","1","HAMMOND P. Peter | FRIENDS OF PARKS KI WESTERN DISTRIC","2016","02","14","2016-02-14","14/FEB/16,D","HumanObservation","HumanObservation","present","","","","true","true"
"7180b77a-1c32-4165-b32d-7ee3905c1ccd","OPM699119-2","urn:lsid:biodiversity.org.au:afd.taxon:e9289876-b550-4278-a4db-336bd5f75e6a","Tachyglossus aculeatus multiaculeatus","Kangaroo Island Echidna","Tachyglossus aculeatus multiaculeatus","subspecies","","Animalia","Chordata","Mammalia","Monotremata","Tachyglossidae","Tachyglossus","Tachyglossus aculeatus","Tachyglossus aculeatus multiaculeatus","dr365","SA Fauna (BDBSA)","","","","","CC-BY 4.0 (Int)","","","Flinders Chase (NP)","-35.9479","136.78122","WGS84","-35.9479","136.78122","","5.0","Australia","South Australia","Kangaroo Island (DC)","","Kanmantoo","","","","","1","HAMMOND P. Peter | FRIENDS OF PARKS KI WESTERN DISTRIC","2016","02","18","2016-02-18","18/FEB/16,D","HumanObservation","HumanObservation","present","","","","true","true"
"473c3afa-8204-4aa1-87fd-fed8d6c4d396","OPM739046-1","urn:lsid:biodiversity.org.au:afd.taxon:e9289876-b550-4278-a4db-336bd5f75e6a","Tachyglossus aculeatus multiaculeatus","Kangaroo Island Echidna","Tachyglossus aculeatus multiaculeatus","subspecies","","Animalia","Chordata","Mammalia","Monotremata","Tachyglossidae","Tachyglossus","Tachyglossus aculeatus","Tachyglossus aculeatus multiaculeatus","dr365","SA Fauna (BDBSA)","","","","","CC-BY 4.0 (Int)","","","Flinders Chase (NP)","-35.90247","136.91069","WGS84","-35.90247","136.91069","","5.0","Australia","South Australia","Kangaroo Island (DC)","","Kanmantoo","","","","","1","HAMMOND P. Peter | FRIENDS OF PARKS KI WESTERN DISTRIC","2017","02","03","2017-02-03","03/FEB/17,D","HumanObservation","HumanObservation","present","","","","true","true"
"e49c3d46-3034-444d-918d-039ede8755d6","SUM7001-78","urn:lsid:biodiversity.org.au:afd.taxon:e9289876-b550-4278-a4db-336bd5f75e6a","Tachyglossus aculeatus multiaculeatus","Kangaroo Island Echidna","Tachyglossus aculeatus multiaculeatus","subspecies","","Animalia","Chordata","Mammalia","Monotremata","Tachyglossidae","Tachyglossus","Tachyglossus aculeatus","Tachyglossus aculeatus multiaculeatus","dr365","SA Fauna (BDBSA)","","","","","CC-BY 4.0 (Int)","","","","-36.01354","137.01546","WGS84","-36.01354","137.01546","","250.0","Australia","South Australia","Kangaroo Island (DC)","","Kanmantoo","","","","","","DEMPSEY P.J. Paula | JOHNSTON G.R. Greg","1990","10","22","1990-10-22","22/OCT/90,D","HumanObservation","HumanObservation","present","","","","true","true"
"df2599fd-622c-446b-bb8f-d8d0ee8af838","SUM1755-48","urn:lsid:biodiversity.org.au:afd.taxon:e9289876-b550-4278-a4db-336bd5f75e6a","Tachyglossus aculeatus multiaculeatus","Kangaroo Island Echidna","Tachyglossus aculeatus multiaculeatus","subspecies","","Animalia","Chordata","Mammalia","Monotremata","Tachyglossidae","Tachyglossus","Tachyglossus aculeatus","Tachyglossus aculeatus multiaculeatus","dr365","SA Fauna (BDBSA)","","","","","CC-BY 4.0 (Int)","","","","-35.72412","136.82131","WGS84","-35.72412","136.82131","","250.0","Australia","South Australia","Kangaroo Island (DC)","","Kanmantoo","","","","","","ROBINSON A.C. Tony | FREDERICK G.P. Glen | HORTON P. Philippa | MOORE T.L. N/A","1990","10","22","1990-10-22","22/OCT/90,D","HumanObservation","HumanObservation","present","","","","true","true"
"d9b48332-9871-4b1c-a62d-129f16b3d854","SUM1754-43","urn:lsid:biodiversity.org.au:afd.taxon:e9289876-b550-4278-a4db-336bd5f75e6a","Tachyglossus aculeatus multiaculeatus","Kangaroo Island Echidna","Tachyglossus aculeatus multiaculeatus","subspecies","","Animalia","Chordata","Mammalia","Monotremata","Tachyglossidae","Tachyglossus","Tachyglossus aculeatus","Tachyglossus aculeatus multiaculeatus","dr365","SA Fauna (BDBSA)","","","","","CC-BY 4.0 (Int)","","","Cape Torrens (WA)","-35.73875","136.74645","WGS84","-35.73875","136.74645","","250.0","Australia","South Australia","Kangaroo Island (DC)","","Kanmantoo","","","","","","ROBINSON A.C. Tony | FREDERICK G.P. Glen | HORTON P. Philippa | MOORE T.L. N/A","1990","10","24","1990-10-24","24/OCT/90,D","HumanObservation","HumanObservation","present","","","","true","true"
"d6b42c5d-235e-49d0-b62f-a965b5d166c5","SUM31719-289653","urn:lsid:biodiversity.org.au:afd.taxon:e9289876-b550-4278-a4db-336bd5f75e6a","Tachyglossus aculeatus multiaculeatus","Kangaroo Island Echidna","Tachyglossus aculeatus multiaculeatus","subspecies","","Animalia","Chordata","Mammalia","Monotremata","Tachyglossidae","Tachyglossus","Tachyglossus aculeatus","Tachyglossus aculeatus multiaculeatus","dr365","SA Fauna (BDBSA)","","","","","CC-BY 4.0 (Int)","","","424 (HA)","-35.90675","136.89862","WGS84","-35.90675","136.89862","","50.0","Australia","South Australia","Kangaroo Island (DC)","","Kanmantoo","","","","","","ROBINSON A.C. Tony","2008","10","07","2008-10-07","07/OCT/08,D","HumanObservation","HumanObservation","present","","","","true","true"
"d329d4fe-e463-4bdf-8c67-f2e1b9668614","OPM556049-1","urn:lsid:biodiversity.org.au:afd.taxon:e9289876-b550-4278-a4db-336bd5f75e6a","Tachyglossus aculeatus multiaculeatus","Kangaroo Island Echidna","Tachyglossus aculeatus multiaculeatus","subspecies","","Animalia","Chordata","Mammalia","Monotremata","Tachyglossidae","Tachyglossus","Tachyglossus aculeatus","Tachyglossus aculeatus multiaculeatus","dr365","SA Fauna (BDBSA)","","","","","CC-BY 4.0 (Int)","","","","-35.71523","137.08915","WGS84","-35.71523","137.08915","","10000.0","Australia","South Australia","Kangaroo Island (DC)","","Kanmantoo","","","","","2","LASHMAR K. Kym","2014","10","19","2014-10-19","19/OCT/14,D","HumanObservation","HumanObservation","present","","","","true","true"
"d3196212-4179-4aad-af83-9d904fdabf76","SUM1751-32","urn:lsid:biodiversity.org.au:afd.taxon:e9289876-b550-4278-a4db-336bd5f75e6a","Tachyglossus aculeatus multiaculeatus","Kangaroo Island Echidna","Tachyglossus aculeatus multiaculeatus","subspecies","","Animalia","Chordata","Mammalia","Monotremata","Tachyglossidae","Tachyglossus","Tachyglossus aculeatus","Tachyglossus aculeatus multiaculeatus","dr365","SA Fauna (BDBSA)","","","","","CC-BY 4.0 (Int)","","","Ravine des Casoars (WA)","-35.78104","136.62402","WGS84","-35.78104","136.62402","","250.0","Australia","South Australia","Kangaroo Island (DC)","","Kanmantoo","","","","","","ROBINSON A.C. Tony | FREDERICK G.P. Glen | HORTON P. Philippa | MOORE T.L. N/A","1990","10","24","1990-10-24","24/OCT/90,D","HumanObservation","HumanObservation","present","","","","true","true"
"cc8c62e7-8aef-4fc4-b9bd-c6b51ca0adab","OPM56426-1384033","urn:lsid:biodiversity.org.au:afd.taxon:e9289876-b550-4278-a4db-336bd5f75e6a","Tachyglossus aculeatus multiaculeatus","Kangaroo Island Echidna","Tachyglossus aculeatus multiaculeatus","subspecies","","Animalia","Chordata","Mammalia","Monotremata","Tachyglossidae","Tachyglossus","Tachyglossus aculeatus","Tachyglossus aculeatus multiaculeatus","dr365","SA Fauna (BDBSA)","","","","","CC-BY 4.0 (Int)","","","","-35.71239","137.49969","WGS84","-35.71239","137.49969","","500.0","Australia","South Australia","Kangaroo Island (DC)","","Kanmantoo","","","","","","ARMSTRONG D.M. David","1990","10","29","1990-10-29","29/OCT/90","HumanObservation","HumanObservation","present","","","","true","true"
"c9e3d499-f31e-485b-b4df-46f9e0bb4530","SUM31718-289608","urn:lsid:biodiversity.org.au:afd.taxon:e9289876-b550-4278-a4db-336bd5f75e6a","Tachyglossus aculeatus multiaculeatus","Kangaroo Island Echidna","Tachyglossus aculeatus multiaculeatus","subspecies","","Animalia","Chordata","Mammalia","Monotremata","Tachyglossidae","Tachyglossus","Tachyglossus aculeatus","Tachyglossus aculeatus multiaculeatus","dr365","SA Fauna (BDBSA)","","","","","CC-BY 4.0 (Int)","","","424 (HA)","-35.90743","136.90215","WGS84","-35.90743","136.90215","","50.0","Australia","South Australia","Kangaroo Island (DC)","","Kanmantoo","","","","","","ROBINSON A.C. Tony","2008","10","04","2008-10-04","04/OCT/08,D","HumanObservation","HumanObservation","present","","","","true","true"
"c6e462c6-6111-4e58-9528-353948a9569d","OPM202933-1387168","urn:lsid:biodiversity.org.au:afd.taxon:e9289876-b550-4278-a4db-336bd5f75e6a","Tachyglossus aculeatus multiaculeatus","Kangaroo Island Echidna","Tachyglossus aculeatus multiaculeatus","subspecies","","Animalia","Chordata","Mammalia","Monotremata","Tachyglossidae","Tachyglossus","Tachyglossus aculeatus","Tachyglossus aculeatus multiaculeatus","dr365","SA Fauna (BDBSA)","","","","","CC-BY 4.0 (Int)","","","Flinders Chase (NP)","-35.95336","136.73743","WGS84","-35.95336","136.73743","","100.0","Australia","South Australia","Kangaroo Island (DC)","","Kanmantoo","","","","","","FRIEBE M. Marlene | FRIEBE T. Terry","1997","10","20","1997-10-20","20/OCT/97,D","HumanObservation","HumanObservation","present","","","","true","true"
"c645fe95-ddcd-4f7e-ba5a-249d781e936d","OPM202879-1387170","urn:lsid:biodiversity.org.au:afd.taxon:e9289876-b550-4278-a4db-336bd5f75e6a","Tachyglossus aculeatus multiaculeatus","Kangaroo Island Echidna","Tachyglossus aculeatus multiaculeatus","subspecies","","Animalia","Chordata","Mammalia","Monotremata","Tachyglossidae","Tachyglossus","Tachyglossus aculeatus","Tachyglossus aculeatus multiaculeatus","dr365","SA Fauna (BDBSA)","","","","","CC-BY 4.0 (Int)","","","","-35.75191","136.63745","WGS84","-35.75191","136.63745","","100.0","Australia","South Australia","Kangaroo Island (DC)","","Kanmantoo","","","","","","FRIEBE M. Marlene | FRIEBE T. Terry","1997","10","19","1997-10-19","19/OCT/97,D","HumanObservation","HumanObservation","present","","","","true","true"
"c4a79d67-7009-44c1-8dce-54711a82b1af","OPM54254-1383906","urn:lsid:biodiversity.org.au:afd.taxon:e9289876-b550-4278-a4db-336bd5f75e6a","Tachyglossus aculeatus multiaculeatus","Kangaroo Island Echidna","Tachyglossus aculeatus multiaculeatus","subspecies","","Animalia","Chordata","Mammalia","Monotremata","Tachyglossidae","Tachyglossus","Tachyglossus aculeatus","Tachyglossus aculeatus multiaculeatus","dr365","SA Fauna (BDBSA)","","","","","CC-BY 4.0 (Int)","","","Ravine des Casoars (WA)","-35.79233","136.62259","WGS84","-35.79233","136.62259","","500.0","Australia","South Australia","Kangaroo Island (DC)","","Kanmantoo","","","","","","ROBINSON A.C. Tony","1990","10","23","1990-10-23","23/OCT/90","HumanObservation","HumanObservation","present","","","","true","true"
"f6101af1-4816-4bf2-8d9f-c267c7ed6035","OPM54299-1384117","urn:lsid:biodiversity.org.au:afd.taxon:e9289876-b550-4278-a4db-336bd5f75e6a","Tachyglossus aculeatus multiaculeatus","Kangaroo Island Echidna","Tachyglossus aculeatus multiaculeatus","subspecies","","Animalia","Chordata","Mammalia","Monotremata","Tachyglossidae","Tachyglossus","Tachyglossus aculeatus","Tachyglossus aculeatus multiaculeatus","dr365","SA Fauna (BDBSA)","","","","","CC-BY 4.0 (Int)","","","Ravine des Casoars (WA)","-35.91993","136.71718","WGS84","-35.91993","136.71718","","500.0","Australia","South Australia","Kangaroo Island (DC)","","Kanmantoo","","","","","","ARMSTRONG D.M. David","1990","11","14","1990-11-14","14/NOV/90","HumanObservation","HumanObservation","present","","","","true","true"
"bb045f4d-e64d-4fcb-a7e4-505d75244fb4","SUM7008-43","urn:lsid:biodiversity.org.au:afd.taxon:e9289876-b550-4278-a4db-336bd5f75e6a","Tachyglossus aculeatus multiaculeatus","Kangaroo Island Echidna","Tachyglossus aculeatus multiaculeatus","subspecies","","Animalia","Chordata","Mammalia","Monotremata","Tachyglossidae","Tachyglossus","Tachyglossus aculeatus","Tachyglossus aculeatus multiaculeatus","dr365","SA Fauna (BDBSA)","","","","","CC-BY 4.0 (Int)","","","","-35.88168","136.86368","WGS84","-35.88168","136.86368","","250.0","Australia","South Australia","Kangaroo Island (DC)","","Kanmantoo","","","","","","CASPERSON K.D. Keith | DEMPSEY P.J. Paula","1990","10","30","1990-10-30","30/OCT/90,D","HumanObservation","HumanObservation","present","","","","true","true"
"dc998f74-03cf-4a0c-be97-5512f51b4304","SUM7018-49","urn:lsid:biodiversity.org.au:afd.taxon:e9289876-b550-4278-a4db-336bd5f75e6a","Tachyglossus aculeatus multiaculeatus","Kangaroo Island Echidna","Tachyglossus aculeatus multiaculeatus","subspecies","","Animalia","Chordata","Mammalia","Monotremata","Tachyglossidae","Tachyglossus","Tachyglossus aculeatus","Tachyglossus aculeatus multiaculeatus","dr365","SA Fauna (BDBSA)","","","","","CC-BY 4.0 (Int)","","","Cape Gantheaume (CP)","-35.90552","137.39939","WGS84","-35.90552","137.39939","","250.0","Australia","South Australia","Kangaroo Island (DC)","","Kanmantoo","","","","","","ST-JOHN B.J. Barb | HALSTEAD C.K. Chris | MAGUIRE A. Anthony | JOHNSTON G.R. Greg | PEAKE-JONES D.M. Da","1990","11","06","1990-11-06","06/NOV/90,D","HumanObservation","HumanObservation","present","","","","true","true"
"b8a1f599-fc48-4bbb-92a1-9b803edb648a","SUM4260-60","urn:lsid:biodiversity.org.au:afd.taxon:e9289876-b550-4278-a4db-336bd5f75e6a","Tachyglossus aculeatus multiaculeatus","Kangaroo Island Echidna","Tachyglossus aculeatus multiaculeatus","subspecies","","Animalia","Chordata","Mammalia","Monotremata","Tachyglossidae","Tachyglossus","Tachyglossus aculeatus","Tachyglossus aculeatus multiaculeatus","dr365","SA Fauna (BDBSA)","","","","","CC-BY 4.0 (Int)","","","","-35.79055","136.92572","WGS84","-35.79055","136.92572","","250.0","Australia","South Australia","Kangaroo Island (DC)","","Kanmantoo","","","","","","CASPERSON K.D. Keith | DEMPSEY P.J. Paula | JOHNSTON G.R. Greg","1990","10","31","1990-10-31","31/OCT/90,D","HumanObservation","HumanObservation","present","","","","true","true"
"dad4e259-e268-4f4b-9207-1c576f80e686","SUM26681-208398","urn:lsid:biodiversity.org.au:afd.taxon:e9289876-b550-4278-a4db-336bd5f75e6a","Tachyglossus aculeatus multiaculeatus","Kangaroo Island Echidna","Tachyglossus aculeatus multiaculeatus","subspecies","","Animalia","Chordata","Mammalia","Monotremata","Tachyglossidae","Tachyglossus","Tachyglossus aculeatus","Tachyglossus aculeatus multiaculeatus","dr365","SA Fauna (BDBSA)","","","","","CC-BY 4.0 (Int)","","","424 (HA)","-35.90675","136.89862","WGS84","-35.90675","136.89862","","50.0","Australia","South Australia","Kangaroo Island (DC)","","Kanmantoo","","","","","","ROBINSON A.C. Tony | HASKA J.F. Julia","2004","11","26","2004-11-26","26/NOV/04,D","HumanObservation","HumanObservation","present","","","","true","true"
"a53da508-b359-4915-95a9-8195d8d769a2","OPM56330-1383837","urn:lsid:biodiversity.org.au:afd.taxon:e9289876-b550-4278-a4db-336bd5f75e6a","Tachyglossus aculeatus multiaculeatus","Kangaroo Island Echidna","Tachyglossus aculeatus multiaculeatus","subspecies","","Animalia","Chordata","Mammalia","Monotremata","Tachyglossidae","Tachyglossus","Tachyglossus aculeatus","Tachyglossus aculeatus multiaculeatus","dr365","SA Fauna (BDBSA)","","","","","CC-BY 4.0 (Int)","","","","-35.78888","137.23104","WGS84","-35.78888","137.23104","","500.0","Australia","South Australia","Kangaroo Island (DC)","","Kanmantoo","","","","","","CASPERSON K.D. Keith","1990","11","02","1990-11-02","02/NOV/90","HumanObservation","HumanObservation","present","","","","true","true"
"a64c86b6-785a-450a-8318-c396e117ee37","SUM400684-29","urn:lsid:biodiversity.org.au:afd.taxon:e9289876-b550-4278-a4db-336bd5f75e6a","Tachyglossus aculeatus multiaculeatus","Kangaroo Island Echidna","Tachyglossus aculeatus multiaculeatus","subspecies","","Animalia","Chordata","Mammalia","Monotremata","Tachyglossidae","Tachyglossus","Tachyglossus aculeatus","Tachyglossus aculeatus multiaculeatus","dr365","SA Fauna (BDBSA)","","","","","CC-BY 4.0 (Int)","","","424 (HA)","-35.90675","136.89862","WGS84","-35.90675","136.89862","","50.0","Australia","South Australia","Kangaroo Island (DC)","","Kanmantoo","","","","","","ROBINSON A.C. Tony","2007","10","14","2007-10-14","14/OCT/07,D","HumanObservation","HumanObservation","present","","","","true","true"
"8ab666c9-1ffb-49b9-b9ec-5ee3b4333388","SUM400686-41","urn:lsid:biodiversity.org.au:afd.taxon:e9289876-b550-4278-a4db-336bd5f75e6a","Tachyglossus aculeatus multiaculeatus","Kangaroo Island Echidna","Tachyglossus aculeatus multiaculeatus","subspecies","","Animalia","Chordata","Mammalia","Monotremata","Tachyglossidae","Tachyglossus","Tachyglossus aculeatus","Tachyglossus aculeatus multiaculeatus","dr365","SA Fauna (BDBSA)","","","","","CC-BY 4.0 (Int)","","","424 (HA)","-35.90638","136.89536","WGS84","-35.90638","136.89536","","50.0","Australia","South Australia","Kangaroo Island (DC)","","Kanmantoo","","","","","","ROBINSON A.C. Tony","2006","11","02","2006-11-02","02/NOV/06,D","HumanObservation","HumanObservation","present","","","","true","true"
"a2c4e927-ca60-4fe2-8b59-25837f1b83e5","SUM400687-45","urn:lsid:biodiversity.org.au:afd.taxon:e9289876-b550-4278-a4db-336bd5f75e6a","Tachyglossus aculeatus multiaculeatus","Kangaroo Island Echidna","Tachyglossus aculeatus multiaculeatus","subspecies","","Animalia","Chordata","Mammalia","Monotremata","Tachyglossidae","Tachyglossus","Tachyglossus aculeatus","Tachyglossus aculeatus multiaculeatus","dr365","SA Fauna (BDBSA)","","","","","CC-BY 4.0 (Int)","","","424 (HA)","-35.90638","136.89536","WGS84","-35.90638","136.89536","","50.0","Australia","South Australia","Kangaroo Island (DC)","","Kanmantoo","","","","","","ROBINSON A.C. Tony","2007","10","14","2007-10-14","14/OCT/07,D","HumanObservation","HumanObservation","present","","","","true","true"
"7e34d3e7-d7c9-40c6-b794-51bc1e818ee4","SUM26666-208302","urn:lsid:biodiversity.org.au:afd.taxon:e9289876-b550-4278-a4db-336bd5f75e6a","Tachyglossus aculeatus multiaculeatus","Kangaroo Island Echidna","Tachyglossus aculeatus multiaculeatus","subspecies","","Animalia","Chordata","Mammalia","Monotremata","Tachyglossidae","Tachyglossus","Tachyglossus aculeatus","Tachyglossus aculeatus multiaculeatus","dr365","SA Fauna (BDBSA)","","","","","CC-BY 4.0 (Int)","","","424 (HA)","-35.90743","136.90215","WGS84","-35.90743","136.90215","","50.0","Australia","South Australia","Kangaroo Island (DC)","","Kanmantoo","","","","","","ROBINSON A.C. Tony | HASKA J.F. Julia","2004","11","26","2004-11-26","26/NOV/04,D","HumanObservation","HumanObservation","present","","","","true","true"
"8c9a9b82-6465-4193-b621-7aa993c3a66c","OPM205268-1387165","urn:lsid:biodiversity.org.au:afd.taxon:e9289876-b550-4278-a4db-336bd5f75e6a","Tachyglossus aculeatus multiaculeatus","Kangaroo Island Echidna","Tachyglossus aculeatus multiaculeatus","subspecies","","Animalia","Chordata","Mammalia","Monotremata","Tachyglossidae","Tachyglossus","Tachyglossus aculeatus","Tachyglossus aculeatus multiaculeatus","dr365","SA Fauna (BDBSA)","","","","","CC-BY 4.0 (Int)","","","","-35.66399","137.12128","WGS84","-35.66399","137.12128","","100.0","Australia","South Australia","Kangaroo Island (DC)","","Kanmantoo","","","","","","FRIEBE M. Marlene | FRIEBE T. Terry","1997","10","18","1997-10-18","18/OCT/97,D","HumanObservation","HumanObservation","present","","","","true","true"
"7cca70b7-43e5-4c45-b187-22fc6f304c46","OPM54330-1384116","urn:lsid:biodiversity.org.au:afd.taxon:e9289876-b550-4278-a4db-336bd5f75e6a","Tachyglossus aculeatus multiaculeatus","Kangaroo Island Echidna","Tachyglossus aculeatus multiaculeatus","subspecies","","Animalia","Chordata","Mammalia","Monotremata","Tachyglossidae","Tachyglossus","Tachyglossus aculeatus","Tachyglossus aculeatus multiaculeatus","dr365","SA Fauna (BDBSA)","","","","","CC-BY 4.0 (Int)","","","Flinders Chase (NP)","-35.98802","136.74639","WGS84","-35.98802","136.74639","","1000.0","Australia","South Australia","Kangaroo Island (DC)","","Kanmantoo","","","","","","ARMSTRONG D.M. David","1990","11","13","1990-11-13","13/NOV/90","HumanObservation","HumanObservation","present","","","","true","true"
"7e6a2673-f7ac-46bc-a437-958ca8d523e0","SUM7009-61","urn:lsid:biodiversity.org.au:afd.taxon:e9289876-b550-4278-a4db-336bd5f75e6a","Tachyglossus aculeatus multiaculeatus","Kangaroo Island Echidna","Tachyglossus aculeatus multiaculeatus","subspecies","","Animalia","Chordata","Mammalia","Monotremata","Tachyglossidae","Tachyglossus","Tachyglossus aculeatus","Tachyglossus aculeatus multiaculeatus","dr365","SA Fauna (BDBSA)","","","","","CC-BY 4.0 (Int)","","","424 (HA)","-35.90279","136.89742","WGS84","-35.90279","136.89742","","250.0","Australia","South Australia","Kangaroo Island (DC)","","Kanmantoo","","","","","","CASPERSON K.D. Keith | DEMPSEY P.J. Paula","1990","10","29","1990-10-29","29/OCT/90,D","HumanObservation","HumanObservation","present","","","","true","true"
"70040e17-c1c1-4b97-a272-150925528db8","21686615","urn:lsid:biodiversity.org.au:afd.taxon:e9289876-b550-4278-a4db-336bd5f75e6a","Tachyglossus aculeatus multiaculeatus","","Tachyglossus aculeatus multiaculeatus","subspecies","","Animalia","Chordata","Mammalia","Monotremata","Tachyglossidae","Tachyglossus","Tachyglossus aculeatus","Tachyglossus aculeatus multiaculeatus","dr1411","iNaturalist Australia","","","","","CC-BY-NC-Int","iNaturalist","Observations","","-36.0139361167","136.8362416667","","-36.0139361167","136.8362416667","","6.0","Australia","South Australia","Kangaroo Island (DC)","","Kanmantoo","","","","","","","2018","11","12","2018-11-12","Mon Nov 12 2018 18:55:50 GMT+1100 (GMT+11)","HumanObservation","HumanObservation","present","","","","true","true"
"6eaaea75-d729-492f-895d-8d164e510ccf","OPM54333-1384133","urn:lsid:biodiversity.org.au:afd.taxon:e9289876-b550-4278-a4db-336bd5f75e6a","Tachyglossus aculeatus multiaculeatus","Kangaroo Island Echidna","Tachyglossus aculeatus multiaculeatus","subspecies","","Animalia","Chordata","Mammalia","Monotremata","Tachyglossidae","Tachyglossus","Tachyglossus aculeatus","Tachyglossus aculeatus multiaculeatus","dr365","SA Fauna (BDBSA)","","","","","CC-BY 4.0 (Int)","","","Flinders Chase (NP)","-35.94645","136.75323","WGS84","-35.94645","136.75323","","1000.0","Australia","South Australia","Kangaroo Island (DC)","","Kanmantoo","","","","","","KEMPER C.M. Cath","1990","11","15","1990-11-15","15/NOV/90","HumanObservation","HumanObservation","present","","","","true","true"
"7d502fba-e254-4c35-a10c-a2ca00cfbf6c","SUM7002-67","urn:lsid:biodiversity.org.au:afd.taxon:e9289876-b550-4278-a4db-336bd5f75e6a","Tachyglossus aculeatus multiaculeatus","Kangaroo Island Echidna","Tachyglossus aculeatus multiaculeatus","subspecies","","Animalia","Chordata","Mammalia","Monotremata","Tachyglossidae","Tachyglossus","Tachyglossus aculeatus","Tachyglossus aculeatus multiaculeatus","dr365","SA Fauna (BDBSA)","","","","","CC-BY 4.0 (Int)","","","","-36.00536","137.01969","WGS84","-36.00536","137.01969","","250.0","Australia","South Australia","Kangaroo Island (DC)","","Kanmantoo","","","","","","CASPERSON K.D. Keith | DEMPSEY P.J. Paula | JOHNSTON G.R. Greg | ZEPF A.C. Albert","1990","10","22","1990-10-22","22/OCT/90,D","HumanObservation","HumanObservation","present","","","","true","true"
"6ce2186e-6fd7-48f4-b5b6-38f956002d3b","SUM400680-23","urn:lsid:biodiversity.org.au:afd.taxon:e9289876-b550-4278-a4db-336bd5f75e6a","Tachyglossus aculeatus multiaculeatus","Kangaroo Island Echidna","Tachyglossus aculeatus multiaculeatus","subspecies","","Animalia","Chordata","Mammalia","Monotremata","Tachyglossidae","Tachyglossus","Tachyglossus aculeatus","Tachyglossus aculeatus multiaculeatus","dr365","SA Fauna (BDBSA)","","","","","CC-BY 4.0 (Int)","","","424 (HA)","-35.90743","136.90215","WGS84","-35.90743","136.90215","","50.0","Australia","South Australia","Kangaroo Island (DC)","","Kanmantoo","","","","","","ROBINSON A.C. Tony","2006","11","02","2006-11-02","02/NOV/06,D","HumanObservation","HumanObservation","present","","","","true","true"
"764adb4b-a3d4-424f-8d92-f4b7a9b46761","OPM54436-1383830","urn:lsid:biodiversity.org.au:afd.taxon:e9289876-b550-4278-a4db-336bd5f75e6a","Tachyglossus aculeatus multiaculeatus","Kangaroo Island Echidna","Tachyglossus aculeatus multiaculeatus","subspecies","","Animalia","Chordata","Mammalia","Monotremata","Tachyglossidae","Tachyglossus","Tachyglossus aculeatus","Tachyglossus aculeatus multiaculeatus","dr365","SA Fauna (BDBSA)","","","","","CC-BY 4.0 (Int)","","","","-35.75535","136.87179","WGS84","-35.75535","136.87179","","500.0","Australia","South Australia","Kangaroo Island (DC)","","Kanmantoo","","","","","","CASPERSON K.D. Keith","1990","10","25","1990-10-25","25/OCT/90","HumanObservation","HumanObservation","present","","","","true","true"
"53165ae9-3f3e-4dd2-a685-e6bb3929212d","SUM1771-70","urn:lsid:biodiversity.org.au:afd.taxon:e9289876-b550-4278-a4db-336bd5f75e6a","Tachyglossus aculeatus multiaculeatus","Kangaroo Island Echidna","Tachyglossus aculeatus multiaculeatus","subspecies","","Animalia","Chordata","Mammalia","Monotremata","Tachyglossidae","Tachyglossus","Tachyglossus aculeatus","Tachyglossus aculeatus multiaculeatus","dr365","SA Fauna (BDBSA)","","","","","CC-BY 4.0 (Int)","","","Flinders Chase (NP)","-35.9241","136.61087","WGS84","-35.9241","136.61087","","250.0","Australia","South Australia","Kangaroo Island (DC)","","Kanmantoo","","","","","","NOT ENTERED - SEE ORIGINAL DATA  -","1990","11","06","1990-11-06","06/NOV/90,D","HumanObservation","HumanObservation","present","","","","true","true"
"72f0ef53-5dc1-4dbe-b485-45637f5a8015","OPM56272-1384001","urn:lsid:biodiversity.org.au:afd.taxon:e9289876-b550-4278-a4db-336bd5f75e6a","Tachyglossus aculeatus multiaculeatus","Kangaroo Island Echidna","Tachyglossus aculeatus multiaculeatus","subspecies","","Animalia","Chordata","Mammalia","Monotremata","Tachyglossidae","Tachyglossus","Tachyglossus aculeatus","Tachyglossus aculeatus multiaculeatus","dr365","SA Fauna (BDBSA)","","","","","CC-BY 4.0 (Int)","","","","-35.7946","137.16482","WGS84","-35.7946","137.16482","","500.0","Australia","South Australia","Kangaroo Island (DC)","","Kanmantoo","","","","","","ROBINSON A.C. Tony","1990","10","27","1990-10-27","27/OCT/90","HumanObservation","HumanObservation","present","","","","true","true"
"44a05898-db71-44c1-823f-826d78968843","SUM1788-40","urn:lsid:biodiversity.org.au:afd.taxon:e9289876-b550-4278-a4db-336bd5f75e6a","Tachyglossus aculeatus multiaculeatus","Kangaroo Island Echidna","Tachyglossus aculeatus multiaculeatus","subspecies","","Animalia","Chordata","Mammalia","Monotremata","Tachyglossidae","Tachyglossus","Tachyglossus aculeatus","Tachyglossus aculeatus multiaculeatus","dr365","SA Fauna (BDBSA)","","","","","CC-BY 4.0 (Int)","","","","-35.96157","137.20263","WGS84","-35.96157","137.20263","","250.0","Australia","South Australia","Kangaroo Island (DC)","","Kanmantoo","","","","","","PEAKE-JONES D.M. David","1990","11","14","1990-11-14","14/NOV/90,D","HumanObservation","HumanObservation","present","","","","true","true"
"2705cf8e-32f3-4e7a-a86f-3219eb800662","OPM739275-3","urn:lsid:biodiversity.org.au:afd.taxon:e9289876-b550-4278-a4db-336bd5f75e6a","Tachyglossus aculeatus multiaculeatus","Kangaroo Island Echidna","Tachyglossus aculeatus multiaculeatus","subspecies","","Animalia","Chordata","Mammalia","Monotremata","Tachyglossidae","Tachyglossus","Tachyglossus aculeatus","Tachyglossus aculeatus multiaculeatus","dr365","SA Fauna (BDBSA)","","","","","CC-BY 4.0 (Int)","","","","-35.9082","136.90717","WGS84","-35.9082","136.90717","","5.0","Australia","South Australia","Kangaroo Island (DC)","","Kanmantoo","","","","","1","HAMMOND P. Peter | FRIENDS OF PARKS KI WESTERN DISTRIC","2016","11","15","2016-11-15","15/NOV/16,D","HumanObservation","HumanObservation","present","","","","true","true"
"6dbcb73c-ec77-4b68-b180-cb8be673a50b","SUM31720-289702","urn:lsid:biodiversity.org.au:afd.taxon:e9289876-b550-4278-a4db-336bd5f75e6a","Tachyglossus aculeatus multiaculeatus","Kangaroo Island Echidna","Tachyglossus aculeatus multiaculeatus","subspecies","","Animalia","Chordata","Mammalia","Monotremata","Tachyglossidae","Tachyglossus","Tachyglossus aculeatus","Tachyglossus aculeatus multiaculeatus","dr365","SA Fauna (BDBSA)","","","","","CC-BY 4.0 (Int)","","","424 (HA)","-35.90638","136.89536","WGS84","-35.90638","136.89536","","50.0","Australia","South Australia","Kangaroo Island (DC)","","Kanmantoo","","","","","","ROBINSON A.C. Tony","2008","10","07","2008-10-07","07/OCT/08,D","HumanObservation","HumanObservation","present","","","","true","true"
"23677014-5b17-4b74-8596-c8fcc79a147e","SUM400683-38","urn:lsid:biodiversity.org.au:afd.taxon:e9289876-b550-4278-a4db-336bd5f75e6a","Tachyglossus aculeatus multiaculeatus","Kangaroo Island Echidna","Tachyglossus aculeatus multiaculeatus","subspecies","","Animalia","Chordata","Mammalia","Monotremata","Tachyglossidae","Tachyglossus","Tachyglossus aculeatus","Tachyglossus aculeatus multiaculeatus","dr365","SA Fauna (BDBSA)","","","","","CC-BY 4.0 (Int)","","","424 (HA)","-35.90675","136.89862","WGS84","-35.90675","136.89862","","50.0","Australia","South Australia","Kangaroo Island (DC)","","Kanmantoo","","","","","","ROBINSON A.C. Tony","2006","11","02","2006-11-02","02/NOV/06,D","HumanObservation","HumanObservation","present","","","","true","true"
"6764c895-dfc1-420b-a34d-ed727fd13cf0","25665078","urn:lsid:biodiversity.org.au:afd.taxon:e9289876-b550-4278-a4db-336bd5f75e6a","Tachyglossus aculeatus multiaculeatus","","Tachyglossus aculeatus multiaculeatus","subspecies","","Animalia","Chordata","Mammalia","Monotremata","Tachyglossidae","Tachyglossus","Tachyglossus aculeatus","Tachyglossus aculeatus multiaculeatus","dr1411","iNaturalist Australia","","","","","CC-BY-NC-Int","iNaturalist","Observations","","-35.98","137.183","","-35.98","137.183","","","Australia","South Australia","Kangaroo Island (DC)","","Kanmantoo","","","","","","","2017","10","20","2017-10-20","2017-10-20","HumanObservation","HumanObservation","present","","","","true","true"
"5f967d64-d2bd-48a6-b82f-8eb3ea6e64d7","OPM54476-1383920","urn:lsid:biodiversity.org.au:afd.taxon:e9289876-b550-4278-a4db-336bd5f75e6a","Tachyglossus aculeatus multiaculeatus","Kangaroo Island Echidna","Tachyglossus aculeatus multiaculeatus","subspecies","","Animalia","Chordata","Mammalia","Monotremata","Tachyglossidae","Tachyglossus","Tachyglossus aculeatus","Tachyglossus aculeatus multiaculeatus","dr365","SA Fauna (BDBSA)","","","","","CC-BY 4.0 (Int)","","","","-35.71324","136.91281","WGS84","-35.71324","136.91281","","500.0","Australia","South Australia","Kangaroo Island (DC)","","Kanmantoo","","","","","","FREDERICK G.P. Glen","1990","10","23","1990-10-23","23/OCT/90","HumanObservation","HumanObservation","present","","","","true","true"
"485cef3b-fc01-4fed-9c1d-0e48e1451bc7","SUM4681-67","urn:lsid:biodiversity.org.au:afd.taxon:e9289876-b550-4278-a4db-336bd5f75e6a","Tachyglossus aculeatus multiaculeatus","Kangaroo Island Echidna","Tachyglossus aculeatus multiaculeatus","subspecies","","Animalia","Chordata","Mammalia","Monotremata","Tachyglossidae","Tachyglossus","Tachyglossus aculeatus","Tachyglossus aculeatus multiaculeatus","dr365","SA Fauna (BDBSA)","","","","","CC-BY 4.0 (Int)","","","","-35.71472","137.09412","WGS84","-35.71472","137.09412","","250.0","Australia","South Australia","Kangaroo Island (DC)","","Kanmantoo","","","","","","MACDONALD C.A. Christina","1990","10","25","1990-10-25","25/OCT/90,D","HumanObservation","HumanObservation","present","","","","true","true"
"46476bfd-8088-404e-b32a-f3199ae9e3a3","OPM54370-1390691","urn:lsid:biodiversity.org.au:afd.taxon:e9289876-b550-4278-a4db-336bd5f75e6a","Tachyglossus aculeatus multiaculeatus","Kangaroo Island Echidna","Tachyglossus aculeatus multiaculeatus","subspecies","","Animalia","Chordata","Mammalia","Monotremata","Tachyglossidae","Tachyglossus","Tachyglossus aculeatus","Tachyglossus aculeatus multiaculeatus","dr365","SA Fauna (BDBSA)","","","","","CC-BY 4.0 (Int)","","","","-35.71306","136.8078","WGS84","-35.71306","136.8078","","250.0","Australia","South Australia","Kangaroo Island (DC)","","Kanmantoo","","","","","","HOPTON D. Debbie","1992","10","04","1992-10-04","04/OCT/92,D","HumanObservation","HumanObservation","present","","","","true","true"
"453fe83d-6d29-4a19-b591-1cf50bed2e3f","OPM54234-1383935","urn:lsid:biodiversity.org.au:afd.taxon:e9289876-b550-4278-a4db-336bd5f75e6a","Tachyglossus aculeatus multiaculeatus","Kangaroo Island Echidna","Tachyglossus aculeatus multiaculeatus","subspecies","","Animalia","Chordata","Mammalia","Monotremata","Tachyglossidae","Tachyglossus","Tachyglossus aculeatus","Tachyglossus aculeatus multiaculeatus","dr365","SA Fauna (BDBSA)","","","","","CC-BY 4.0 (Int)","","","Ravine des Casoars (WA)","-35.78985","136.60595","WGS84","-35.78985","136.60595","","500.0","Australia","South Australia","Kangaroo Island (DC)","","Kanmantoo","","","","","","ROBINSON A.C. Tony","1990","10","23","1990-10-23","23/OCT/90","HumanObservation","HumanObservation","present","","","","true","true"
"3a477b02-3205-4ac4-96a3-f347ed306608","OPM56414-1384042","urn:lsid:biodiversity.org.au:afd.taxon:e9289876-b550-4278-a4db-336bd5f75e6a","Tachyglossus aculeatus multiaculeatus","Kangaroo Island Echidna","Tachyglossus aculeatus multiaculeatus","subspecies","","Animalia","Chordata","Mammalia","Monotremata","Tachyglossidae","Tachyglossus","Tachyglossus aculeatus","Tachyglossus aculeatus multiaculeatus","dr365","SA Fauna (BDBSA)","","","","","CC-BY 4.0 (Int)","","","","-35.72751","137.4659","WGS84","-35.72751","137.4659","","500.0","Australia","South Australia","Kangaroo Island (DC)","","Kanmantoo","","","","","","MACDONALD C.A. Christina","1990","10","28","1990-10-28","28/OCT/90","HumanObservation","HumanObservation","present","","","","true","true"
"358bd33d-8e38-44f2-bd4d-1df6625ae788","OPM54260-1383934","urn:lsid:biodiversity.org.au:afd.taxon:e9289876-b550-4278-a4db-336bd5f75e6a","Tachyglossus aculeatus multiaculeatus","Kangaroo Island Echidna","Tachyglossus aculeatus multiaculeatus","subspecies","","Animalia","Chordata","Mammalia","Monotremata","Tachyglossidae","Tachyglossus","Tachyglossus aculeatus","Tachyglossus aculeatus multiaculeatus","dr365","SA Fauna (BDBSA)","","","","","CC-BY 4.0 (Int)","","","Ravine des Casoars (WA)","-35.79135","136.62811","WGS84","-35.79135","136.62811","","500.0","Australia","South Australia","Kangaroo Island (DC)","","Kanmantoo","","","","","","ROBINSON A.C. Tony","1990","10","23","1990-10-23","23/OCT/90","HumanObservation","HumanObservation","present","","","","true","true"
"336cf6c5-57db-4aa3-9da0-20c44351fb31","OPM54382-1383958","urn:lsid:biodiversity.org.au:afd.taxon:e9289876-b550-4278-a4db-336bd5f75e6a","Tachyglossus aculeatus multiaculeatus","Kangaroo Island Echidna","Tachyglossus aculeatus multiaculeatus","subspecies","","Animalia","Chordata","Mammalia","Monotremata","Tachyglossidae","Tachyglossus","Tachyglossus aculeatus","Tachyglossus aculeatus multiaculeatus","dr365","SA Fauna (BDBSA)","","","","","CC-BY 4.0 (Int)","","","","-35.96962","136.83137","WGS84","-35.96962","136.83137","","1000.0","Australia","South Australia","Kangaroo Island (DC)","","Kanmantoo","","","","","","CASPERSON K.D. Keith","1990","10","22","1990-10-22","22/OCT/90","HumanObservation","HumanObservation","present","","","","true","true"
"2a284f89-d0ee-40a8-9f6d-39d3b9d8405a","OPM56269-1384038","urn:lsid:biodiversity.org.au:afd.taxon:e9289876-b550-4278-a4db-336bd5f75e6a","Tachyglossus aculeatus multiaculeatus","Kangaroo Island Echidna","Tachyglossus aculeatus multiaculeatus","subspecies","","Animalia","Chordata","Mammalia","Monotremata","Tachyglossidae","Tachyglossus","Tachyglossus aculeatus","Tachyglossus aculeatus multiaculeatus","dr365","SA Fauna (BDBSA)","","","","","CC-BY 4.0 (Int)","","","","-35.67673","137.15279","WGS84","-35.67673","137.15279","","500.0","Australia","South Australia","Kangaroo Island (DC)","","Kanmantoo","","","","","","MACDONALD C.A. Christina","1990","10","23","1990-10-23","23/OCT/90","HumanObservation","HumanObservation","present","","","","true","true"
"1ee8204d-6de1-4cf2-a5c4-4ffd515256f6","SUM400681-28","urn:lsid:biodiversity.org.au:afd.taxon:e9289876-b550-4278-a4db-336bd5f75e6a","Tachyglossus aculeatus multiaculeatus","Kangaroo Island Echidna","Tachyglossus aculeatus multiaculeatus","subspecies","","Animalia","Chordata","Mammalia","Monotremata","Tachyglossidae","Tachyglossus","Tachyglossus aculeatus","Tachyglossus aculeatus multiaculeatus","dr365","SA Fauna (BDBSA)","","","","","CC-BY 4.0 (Int)","","","424 (HA)","-35.90743","136.90215","WGS84","-35.90743","136.90215","","50.0","Australia","South Australia","Kangaroo Island (DC)","","Kanmantoo","","","","","","ROBINSON A.C. Tony","2007","10","14","2007-10-14","14/OCT/07,D","HumanObservation","HumanObservation","present","","","","true","true"
"1df16e55-a8a6-4c3a-922f-a7fefe22c954","36400647","urn:lsid:biodiversity.org.au:afd.taxon:e9289876-b550-4278-a4db-336bd5f75e6a","Tachyglossus aculeatus multiaculeatus","","Tachyglossus aculeatus multiaculeatus","subspecies","","Animalia","Chordata","Mammalia","Monotremata","Tachyglossidae","Tachyglossus","Tachyglossus aculeatus","Tachyglossus aculeatus multiaculeatus","dr1411","iNaturalist Australia","","","","","CC-BY-NC-Int","iNaturalist","Observations","","-35.9133916667","137.047035","","-35.9133916667","137.047035","","","Australia","South Australia","Kangaroo Island (DC)","","Kanmantoo","","","","","","Mark Hura","2018","10","18","2018-10-18","2018/10/18 10:13 AM ACDT","HumanObservation","HumanObservation","present","","","","true","true"
"1db86353-e27a-4bb6-aafd-37a511ba221e","SUM1750-57","urn:lsid:biodiversity.org.au:afd.taxon:e9289876-b550-4278-a4db-336bd5f75e6a","Tachyglossus aculeatus multiaculeatus","Kangaroo Island Echidna","Tachyglossus aculeatus multiaculeatus","subspecies","","Animalia","Chordata","Mammalia","Monotremata","Tachyglossidae","Tachyglossus","Tachyglossus aculeatus","Tachyglossus aculeatus multiaculeatus","dr365","SA Fauna (BDBSA)","","","","","CC-BY 4.0 (Int)","","","Ravine des Casoars (WA)","-35.76472","136.63088","WGS84","-35.76472","136.63088","","250.0","Australia","South Australia","Kangaroo Island (DC)","","Kanmantoo","","","","","","ROBINSON A.C. Tony | FREDERICK G.P. Glen | HORTON P. Philippa | MOORE T.L. N/A","1990","10","22","1990-10-22","22/OCT/90,D","HumanObservation","HumanObservation","present","","","","true","true"
"13de4d35-1668-4651-b339-6e9422d12687","SUM7002-64","urn:lsid:biodiversity.org.au:afd.taxon:e9289876-b550-4278-a4db-336bd5f75e6a","Tachyglossus aculeatus multiaculeatus","Kangaroo Island Echidna","Tachyglossus aculeatus multiaculeatus","subspecies","","Animalia","Chordata","Mammalia","Monotremata","Tachyglossidae","Tachyglossus","Tachyglossus aculeatus","Tachyglossus aculeatus multiaculeatus","dr365","SA Fauna (BDBSA)","","","","","CC-BY 4.0 (Int)","","","","-36.00536","137.01969","WGS84","-36.00536","137.01969","","250.0","Australia","South Australia","Kangaroo Island (DC)","","Kanmantoo","","","","","","CASPERSON K.D. Keith | DEMPSEY P.J. Paula | JOHNSTON G.R. Greg | ZEPF A.C. Albert","1990","10","22","1990-10-22","22/OCT/90,D","HumanObservation","HumanObservation","present","","","","true","true"
"0b8842c6-d9c5-4d7e-bac7-3a263466f34a","SUM400671-20","urn:lsid:biodiversity.org.au:afd.taxon:e9289876-b550-4278-a4db-336bd5f75e6a","Tachyglossus aculeatus multiaculeatus","Kangaroo Island Echidna","Tachyglossus aculeatus multiaculeatus","subspecies","","Animalia","Chordata","Mammalia","Monotremata","Tachyglossidae","Tachyglossus","Tachyglossus aculeatus","Tachyglossus aculeatus multiaculeatus","dr365","SA Fauna (BDBSA)","","","","","CC-BY 4.0 (Int)","","","","-35.91066","136.90645","WGS84","-35.91066","136.90645","","50.0","Australia","South Australia","Kangaroo Island (DC)","","Kanmantoo","","","","","","ROBINSON A.C. Tony","2006","10","30","2006-10-30","30/OCT/06,D","HumanObservation","HumanObservation","present","","","","true","true"
"06c71e64-8bcc-44ef-9267-a1731d2ca8bf","OPM54359-1383907","urn:lsid:biodiversity.org.au:afd.taxon:e9289876-b550-4278-a4db-336bd5f75e6a","Tachyglossus aculeatus multiaculeatus","Kangaroo Island Echidna","Tachyglossus aculeatus multiaculeatus","subspecies","","Animalia","Chordata","Mammalia","Monotremata","Tachyglossidae","Tachyglossus","Tachyglossus aculeatus","Tachyglossus aculeatus multiaculeatus","dr365","SA Fauna (BDBSA)","","","","","CC-BY 4.0 (Int)","","","Ravine des Casoars (WA)","-35.79173","136.79187","WGS84","-35.79173","136.79187","","500.0","Australia","South Australia","Kangaroo Island (DC)","","Kanmantoo","","","","","","ROBINSON A.C. Tony","1990","10","24","1990-10-24","24/OCT/90","HumanObservation","HumanObservation","present","","","","true","true"
"8f6f32b7-4ed7-481e-9ce1-ff32f22bc5f1","OPM202993-1390497","urn:lsid:biodiversity.org.au:afd.taxon:e9289876-b550-4278-a4db-336bd5f75e6a","Tachyglossus aculeatus multiaculeatus","Kangaroo Island Echidna","Tachyglossus aculeatus multiaculeatus","subspecies","","Animalia","Chordata","Mammalia","Monotremata","Tachyglossidae","Tachyglossus","Tachyglossus aculeatus","Tachyglossus aculeatus multiaculeatus","dr365","SA Fauna (BDBSA)","","","","","CC-BY 4.0 (Int)","","","","-35.89857","136.86807","WGS84","-35.89857","136.86807","","10000.0","Australia","South Australia","Kangaroo Island (DC)","","Kanmantoo","","","","","","MAMMAL-CLUB-SA  N/A | AITKEN P. Peter","1973","12","","1973-12-01","31/DEC/73,M","HumanObservation","HumanObservation","present","","","","true","true"
"764f7188-9661-4b4a-97a3-dc4817b82a81","OPM739305-2","urn:lsid:biodiversity.org.au:afd.taxon:e9289876-b550-4278-a4db-336bd5f75e6a","Tachyglossus aculeatus multiaculeatus","Kangaroo Island Echidna","Tachyglossus aculeatus multiaculeatus","subspecies","","Animalia","Chordata","Mammalia","Monotremata","Tachyglossidae","Tachyglossus","Tachyglossus aculeatus","Tachyglossus aculeatus multiaculeatus","dr365","SA Fauna (BDBSA)","","","","","CC-BY 4.0 (Int)","","","","-35.9082","136.90717","WGS84","-35.9082","136.90717","","5.0","Australia","South Australia","Kangaroo Island (DC)","","Kanmantoo","","","","","1","HAMMOND P. Peter | FRIENDS OF PARKS KI WESTERN DISTRIC","2016","12","25","2016-12-25","25/DEC/16,D","HumanObservation","HumanObservation","present","","","","true","true"
"67ce4ca3-260e-4a5b-b928-7be36b30d355","OPM202993-1390492","urn:lsid:biodiversity.org.au:afd.taxon:e9289876-b550-4278-a4db-336bd5f75e6a","Tachyglossus aculeatus multiaculeatus","Kangaroo Island Echidna","Tachyglossus aculeatus multiaculeatus","subspecies","","Animalia","Chordata","Mammalia","Monotremata","Tachyglossidae","Tachyglossus","Tachyglossus aculeatus","Tachyglossus aculeatus multiaculeatus","dr365","SA Fauna (BDBSA)","","","","","CC-BY 4.0 (Int)","","","","-35.89857","136.86807","WGS84","-35.89857","136.86807","","10000.0","Australia","South Australia","Kangaroo Island (DC)","","Kanmantoo","","","","","","MAMMAL-CLUB-SA  N/A | AITKEN P. Peter","1973","12","","1973-12-01","31/DEC/73,M","HumanObservation","HumanObservation","present","","","","true","true"
"49e590a7-a54e-41ce-b847-ffffd1ffacf6","OPM739012-2","urn:lsid:biodiversity.org.au:afd.taxon:e9289876-b550-4278-a4db-336bd5f75e6a","Tachyglossus aculeatus multiaculeatus","Kangaroo Island Echidna","Tachyglossus aculeatus multiaculeatus","subspecies","","Animalia","Chordata","Mammalia","Monotremata","Tachyglossidae","Tachyglossus","Tachyglossus aculeatus","Tachyglossus aculeatus multiaculeatus","dr365","SA Fauna (BDBSA)","","","","","CC-BY 4.0 (Int)","","","Flinders Chase (NP)","-35.90247","136.91069","WGS84","-35.90247","136.91069","","5.0","Australia","South Australia","Kangaroo Island (DC)","","Kanmantoo","","","","","1","HAMMOND P. Peter | FRIENDS OF PARKS KI WESTERN DISTRIC","2016","12","08","2016-12-08","08/DEC/16,D","HumanObservation","HumanObservation","present","","","","true","true"
"1771afbd-5664-4b19-9c88-d2f695ee8acc","OPM699112-2","urn:lsid:biodiversity.org.au:afd.taxon:e9289876-b550-4278-a4db-336bd5f75e6a","Tachyglossus aculeatus multiaculeatus","Kangaroo Island Echidna","Tachyglossus aculeatus multiaculeatus","subspecies","","Animalia","Chordata","Mammalia","Monotremata","Tachyglossidae","Tachyglossus","Tachyglossus aculeatus","Tachyglossus aculeatus multiaculeatus","dr365","SA Fauna (BDBSA)","","","","","CC-BY 4.0 (Int)","","","Flinders Chase (NP)","-35.9479","136.78122","WGS84","-35.9479","136.78122","","5.0","Australia","South Australia","Kangaroo Island (DC)","","Kanmantoo","","","","","1","HAMMOND P. Peter | FRIENDS OF PARKS KI WESTERN DISTRIC","2015","12","16","2015-12-16","16/DEC/15,D","HumanObservation","HumanObservation","present","","","","true","true"
